{
  "selected_factors": [
    "ma_60",
    "ma_ratio_60",
    "volatility_ratio_20",
    "volatility_ratio_10",
    "volatility_ratio_5",
    "bb_width_20",
    "volume_price_corr_20",
    "price_position_120",
    "volume_return_corr_20",
    "ma_ratio_10",
    "trend_strength_20",
    "atr_ratio",
    "from_high_20",
    "from_high_10",
    "mfi_21"
  ],
  "top_10_factors": {
    "ma_60": {
      "linear_component": 0.629933202664166,
      "ml_component": 0.05314678482848343,
      "final_score": 0.39921863552989295
    },
    "volatility_60": {
      "linear_component": 0.6147620687210129,
      "ml_component": 0.0013534662482488516,
      "final_score": 0.36939862773190724
    },
    "ma_ratio_60": {
      "linear_component": 0.5704255473753765,
      "ml_component": 0.009045546931443386,
      "final_score": 0.3458735471978033
    },
    "volatility_ratio_20": {
      "linear_component": 0.48005127628537525,
      "ml_component": 0.14171752074747976,
      "final_score": 0.3447177740702171
    },
    "volatility_ratio_10": {
      "linear_component": 0.4961570880110091,
      "ml_component": 0.08069582640362721,
      "final_score": 0.32997258336805635
    },
    "volatility_ratio_5": {
      "linear_component": 0.45908736916171067,
      "ml_component": 0.03405663811899365,
      "final_score": 0.28907507674462385
    },
    "bb_width_20": {
      "linear_component": 0.4663219425333882,
      "ml_component": 0.01776663217948774,
      "final_score": 0.286899818391828
    },
    "volume_price_corr_20": {
      "linear_component": 0.4502942742376902,
      "ml_component": 0.028375482677667433,
      "final_score": 0.2815267576136811
    },
    "bb_upper_20": {
      "linear_component": 0.4611583275473771,
      "ml_component": 0.010536603250571765,
      "final_score": 0.28090963782865497
    },
    "ma_30": {
      "linear_component": 0.4547156092275202,
      "ml_component": 0.013636489687429783,
      "final_score": 0.27828396141148404
    }
  },
  "summary_stats": {
    "total_factors": 109,
    "valid_samples": 263,
    "target_std": 0.14239813960432227,
    "target_mean": -0.049643989729771854
  }
}