{
  "selected_factors": [
    "from_high_60",
    "volatility_ratio_20",
    "ma_ratio_30",
    "volatility_20",
    "volatility_ratio_10",
    "volatility_ratio_5",
    "bb_position_20",
    "volatility_60",
    "volume_cv_20",
    "ma_60",
    "atr_ratio",
    "from_low_10",
    "volume_return_corr_20",
    "volume_cv_10",
    "volume_price_corr_20"
  ],
  "top_10_factors": {
    "from_high_60": {
      "linear_component": 0.7132030693124312,
      "ml_component": 0.16228728570909703,
      "final_score": 0.4928367558710975
    },
    "volatility_ratio_20": {
      "linear_component": 0.6834488600856885,
      "ml_component": 0.013603278603194508,
      "final_score": 0.4155106274926909
    },
    "ma_ratio_30": {
      "linear_component": 0.5182198455440357,
      "ml_component": 0.19623061501159259,
      "final_score": 0.38942415333105845
    },
    "volatility_20": {
      "linear_component": 0.6002398833640512,
      "ml_component": 0.001930490576503309,
      "final_score": 0.360916126249032
    },
    "volatility_ratio_10": {
      "linear_component": 0.5448751601127898,
      "ml_component": 0.004883779654945558,
      "final_score": 0.3288786079296521
    },
    "volatility_ratio_5": {
      "linear_component": 0.5043716633605679,
      "ml_component": 0.02195681946899285,
      "final_score": 0.3114057258039379
    },
    "rsi_21": {
      "linear_component": 0.46788929329039974,
      "ml_component": 0.04282386993379957,
      "final_score": 0.29786312394775966
    },
    "from_high_120": {
      "linear_component": 0.47616255174418787,
      "ml_component": 0.0005816767771678397,
      "final_score": 0.2859302017573798
    },
    "ma_ratio_20": {
      "linear_component": 0.4714498377927656,
      "ml_component": 0.007215566435250565,
      "final_score": 0.28575612924975957
    },
    "from_low_20": {
      "linear_component": 0.40932415215341494,
      "ml_component": 0.06295789097825784,
      "final_score": 0.2707776476833521
    }
  },
  "summary_stats": {
    "total_factors": 109,
    "valid_samples": 263,
    "target_std": 0.16392650157623728,
    "target_mean": 0.10116777558044592
  }
}