{
  "summary": {
    "market_analyst": {
      "accuracy": 0.6577914798206278,
      "avg_return_1d": -0.0005226058806244069,
      "avg_return_5d": -0.0024351332072472536,
      "avg_return_20d": -0.01029068790467555,
      "avg_buy_ratio": 0.06922645739910314,
      "avg_sell_ratio": 0.031950672645739905,
      "avg_hold_ratio": 0.898822869955157
    },
    "fundamental_analyst": {
      "accuracy": 0.679932735426009,
      "avg_return_1d": -0.0005226058806244069,
      "avg_return_5d": -0.0024351332072472536,
      "avg_return_20d": -0.01029068790467555,
      "avg_buy_ratio": 0.0033632286995515697,
      "avg_sell_ratio": 0.05465246636771301,
      "avg_hold_ratio": 0.9419843049327354
    },
    "bull_researcher": {
      "accuracy": 0.4080717488789238,
      "avg_return_1d": -0.0005226058806244069,
      "avg_return_5d": -0.0024351332072472536,
      "avg_return_20d": -0.01029068790467555,
      "avg_buy_ratio": 0.539517937219731,
      "avg_sell_ratio": 0.0,
      "avg_hold_ratio": 0.46048206278026904
    },
    "bear_researcher": {
      "accuracy": 0.39966367713004486,
      "avg_return_1d": -0.0005226058806244069,
      "avg_return_5d": -0.0024351332072472536,
      "avg_return_20d": -0.01029068790467555,
      "avg_buy_ratio": 0.0,
      "avg_sell_ratio": 0.5571748878923767,
      "avg_hold_ratio": 0.4428251121076233
    }
  },
  "detailed_results": {
    "000001.SZ": {
      "market_analyst": {
        "stock_code": "000001.SZ",
        "stock_name": "平安银行",
        "total_predictions": 446,
        "correct_predictions": 284,
        "accuracy": 0.6367713004484304,
        "avg_return_1d": -0.0010842362760911898,
        "avg_return_5d": -0.0052800794684631225,
        "avg_return_20d": -0.021415946072170584,
        "buy_ratio": 0.06053811659192825,
        "sell_ratio": 0.042600896860986545,
        "hold_ratio": 0.8968609865470852
      },
      "fundamental_analyst": {
        "stock_code": "000001.SZ",
        "stock_name": "平安银行",
        "total_predictions": 446,
        "correct_predictions": 306,
        "accuracy": 0.6860986547085202,
        "avg_return_1d": -0.0010842362760911898,
        "avg_return_5d": -0.0052800794684631225,
        "avg_return_20d": -0.021415946072170584,
        "buy_ratio": 0.002242152466367713,
        "sell_ratio": 0.03587443946188341,
        "hold_ratio": 0.9618834080717489
      },
      "bull_researcher": {
        "stock_code": "000001.SZ",
        "stock_name": "平安银行",
        "total_predictions": 446,
        "correct_predictions": 200,
        "accuracy": 0.4484304932735426,
        "avg_return_1d": -0.0010842362760911898,
        "avg_return_5d": -0.0052800794684631225,
        "avg_return_20d": -0.021415946072170584,
        "buy_ratio": 0.48654708520179374,
        "sell_ratio": 0.0,
        "hold_ratio": 0.5134529147982063
      },
      "bear_researcher": {
        "stock_code": "000001.SZ",
        "stock_name": "平安银行",
        "total_predictions": 446,
        "correct_predictions": 150,
        "accuracy": 0.336322869955157,
        "avg_return_1d": -0.0010842362760911898,
        "avg_return_5d": -0.0052800794684631225,
        "avg_return_20d": -0.021415946072170584,
        "buy_ratio": 0.0,
        "sell_ratio": 0.6390134529147982,
        "hold_ratio": 0.3609865470852018
      }
    },
    "000002.SZ": {
      "market_analyst": {
        "stock_code": "000002.SZ",
        "stock_name": "万科A",
        "total_predictions": 446,
        "correct_predictions": 269,
        "accuracy": 0.6031390134529148,
        "avg_return_1d": -0.0015340781061976688,
        "avg_return_5d": -0.007291739503924175,
        "avg_return_20d": -0.028821466150370442,
        "buy_ratio": 0.08520179372197309,
        "sell_ratio": 0.02242152466367713,
        "hold_ratio": 0.8923766816143498
      },
      "fundamental_analyst": {
        "stock_code": "000002.SZ",
        "stock_name": "万科A",
        "total_predictions": 446,
        "correct_predictions": 277,
        "accuracy": 0.6210762331838565,
        "avg_return_1d": -0.0015340781061976688,
        "avg_return_5d": -0.007291739503924175,
        "avg_return_20d": -0.028821466150370442,
        "buy_ratio": 0.002242152466367713,
        "sell_ratio": 0.0515695067264574,
        "hold_ratio": 0.9461883408071748
      },
      "bull_researcher": {
        "stock_code": "000002.SZ",
        "stock_name": "万科A",
        "total_predictions": 446,
        "correct_predictions": 201,
        "accuracy": 0.45067264573991034,
        "avg_return_1d": -0.0015340781061976688,
        "avg_return_5d": -0.007291739503924175,
        "avg_return_20d": -0.028821466150370442,
        "buy_ratio": 0.43946188340807174,
        "sell_ratio": 0.0,
        "hold_ratio": 0.5605381165919282
      },
      "bear_researcher": {
        "stock_code": "000002.SZ",
        "stock_name": "万科A",
        "total_predictions": 446,
        "correct_predictions": 158,
        "accuracy": 0.3542600896860987,
        "avg_return_1d": -0.0015340781061976688,
        "avg_return_5d": -0.007291739503924175,
        "avg_return_20d": -0.028821466150370442,
        "buy_ratio": 0.0,
        "sell_ratio": 0.6838565022421524,
        "hold_ratio": 0.31614349775784756
      }
    },
    "600000.SH": {
      "market_analyst": {
        "stock_code": "600000.SH",
        "stock_name": "浦发银行",
        "total_predictions": 446,
        "correct_predictions": 368,
        "accuracy": 0.8251121076233184,
        "avg_return_1d": -0.00032596141833623473,
        "avg_return_5d": -0.001691063337251645,
        "avg_return_20d": -0.008089206884783548,
        "buy_ratio": 0.05829596412556054,
        "sell_ratio": 0.03139013452914798,
        "hold_ratio": 0.9103139013452914
      },
      "fundamental_analyst": {
        "stock_code": "600000.SH",
        "stock_name": "浦发银行",
        "total_predictions": 446,
        "correct_predictions": 366,
        "accuracy": 0.820627802690583,
        "avg_return_1d": -0.00032596141833623473,
        "avg_return_5d": -0.001691063337251645,
        "avg_return_20d": -0.008089206884783548,
        "buy_ratio": 0.0,
        "sell_ratio": 0.07847533632286996,
        "hold_ratio": 0.92152466367713
      },
      "bull_researcher": {
        "stock_code": "600000.SH",
        "stock_name": "浦发银行",
        "total_predictions": 446,
        "correct_predictions": 186,
        "accuracy": 0.4170403587443946,
        "avg_return_1d": -0.00032596141833623473,
        "avg_return_5d": -0.001691063337251645,
        "avg_return_20d": -0.008089206884783548,
        "buy_ratio": 0.5560538116591929,
        "sell_ratio": 0.0,
        "hold_ratio": 0.4439461883408072
      },
      "bear_researcher": {
        "stock_code": "600000.SH",
        "stock_name": "浦发银行",
        "total_predictions": 446,
        "correct_predictions": 234,
        "accuracy": 0.5246636771300448,
        "avg_return_1d": -0.00032596141833623473,
        "avg_return_5d": -0.001691063337251645,
        "avg_return_20d": -0.008089206884783548,
        "buy_ratio": 0.0,
        "sell_ratio": 0.452914798206278,
        "hold_ratio": 0.547085201793722
      }
    },
    "600036.SH": {
      "market_analyst": {
        "stock_code": "600036.SH",
        "stock_name": "招商银行",
        "total_predictions": 446,
        "correct_predictions": 275,
        "accuracy": 0.6165919282511211,
        "avg_return_1d": -0.0007807448774542347,
        "avg_return_5d": -0.0037212608266625194,
        "avg_return_20d": -0.013042693897154192,
        "buy_ratio": 0.07623318385650224,
        "sell_ratio": 0.033632286995515695,
        "hold_ratio": 0.8901345291479821
      },
      "fundamental_analyst": {
        "stock_code": "600036.SH",
        "stock_name": "招商银行",
        "total_predictions": 446,
        "correct_predictions": 283,
        "accuracy": 0.6345291479820628,
        "avg_return_1d": -0.0007807448774542347,
        "avg_return_5d": -0.0037212608266625194,