{
  "analysis_summary": {
    "total_factors_analyzed": 88,
    "linear_analysis": {
      "factors_count": 73,
      "avg_ic": -0.06551221561187942,
      "avg_rank_ic": -0.07589709238039569,
      "avg_monotonicity": 0.386986301369863,
      "avg_stability": 0.16316630677611915
    },
    "ml_analysis": {
      "factors_count": 88,
      "avg_feature_importance": 0.011363636363636364,
      "avg_r2_score": 0.4977217208994588,
      "interaction_factors": 15
    },
    "final_ranking": {
      "top_10_factors": [
        [
          "volatility_20",
          {
            "linear_component": 0.5691219658822464,
            "ml_component": 0.5531400155262249,
            "final_score": 0.5595327956686336,
            "linear_weight": 0.4,
            "ml_weight": 0.6
          }
        ],
        [
          "vol_ratio_20",
          {
            "linear_component": 0.6071887331143703,
            "ml_component": 0.40682838657577947,
            "final_score": 0.4869725251912158,
            "linear_weight": 0.4,
            "ml_weight": 0.6
          }
        ],
        [
          "vol_ratio_60",
          {
            "linear_component": 0.5572831406492778,
            "ml_component": 0.3785170682652775,
            "final_score": 0.4500234972188776,
            "linear_weight": 0.4,
            "ml_weight": 0.6
          }
        ],
        [
          "adx",
          {
            "linear_component": 0.2852606637320417,
            "ml_component": 0.5461512225077273,
            "final_score": 0.441794998997453,
            "linear_weight": 0.4,
            "ml_weight": 0.6
          }
        ],
        [
          "atr",
          {
            "linear_component": 0.42978770099215524,
            "ml_component": 0.4295328964045069,
            "final_score": 0.42963481823956623,
            "linear_weight": 0.4,
            "ml_weight": 0.6
          }
        ],
        [
          "volatility_60",
          {
            "linear_component": 0.4746438997094071,
            "ml_component": 0.3787178797779298,
            "final_score": 0.41708828775052076,
            "linear_weight": 0.4,
            "ml_weight": 0.6
          }
        ],
        [
          "adx_x_volume_price_trend",
          {
            "linear_component": 0,
            "ml_component": 0.6915769630750725,
            "final_score": 0.4149461778450435,
            "linear_weight": 0.4,
            "ml_weight": 0.6
          }
        ],
        [
          "volatility_20_x_momentum_kurt_20",
          {
            "linear_component": 0,
            "ml_component": 0.6862037915897873,
            "final_score": 0.41172227495387237,
            "linear_weight": 0.4,
            "ml_weight": 0.6
          }
        ],
        [
          "volatility_20_x_volume_price_corr_20",
          {
            "linear_component": 0,
            "ml_component": 0.6860626358605153,
            "final_score": 0.4116375815163092,
            "linear_weight": 0.4,
            "ml_weight": 0.6
          }
        ],
        [
          "volume_price_corr_20_x_momentum_kurt_20",
          {
            "linear_component": 0,
            "ml_component": 0.6854036355678028,
            "final_score": 0.4112421813406817,
            "linear_weight": 0.4,
            "ml_weight": 0.6
          }
        ]
      ]
    }
  },
  "selected_factors": [
    "volatility_20",
    "vol_ratio_60",
    "adx",
    "volume_price_corr_20",
    "atr_ratio",
    "price_position_60",
    "volume_price_corr_60",
    "price_position_20",
    "momentum_kurt_20",
    "vol_ratio_5",
    "volume_ratio_20",
    "momentum_skew_20"
  ],
  "top_10_scores": {
    "volatility_20": {
      "linear_component": 0.5691219658822464,
      "ml_component": 0.5531400155262249,
      "final_score": 0.5595327956686336,
      "linear_weight": 0.4,
      "ml_weight": 0.6
    },
    "vol_ratio_20": {
      "linear_component": 0.6071887331143703,
      "ml_component": 0.40682838657577947,
      "final_score": 0.4869725251912158,
      "linear_weight": 0.4,
      "ml_weight": 0.6
    },
    "vol_ratio_60": {
      "linear_component": 0.5572831406492778,
      "ml_component": 0.3785170682652775,
      "final_score": 0.4500234972188776,
      "linear_weight": 0.4,
      "ml_weight": 0.6
    },
    "adx": {
      "linear_component": 0.2852606637320417,
      "ml_component": 0.5461512225077273,
      "final_score": 0.441794998997453,
      "linear_weight": 0.4,
      "ml_weight": 0.6
    },
    "atr": {
      "linear_component": 0.42978770099215524,
      "ml_component": 0.4295328964045069,
      "final_score": 0.42963481823956623,
      "linear_weight": 0.4,
      "ml_weight": 0.6
    },
    "volatility_60": {
      "linear_component": 0.4746438997094071,
      "ml_component": 0.3787178797779298,
      "final_score": 0.41708828775052076,
      "linear_weight": 0.4,
      "ml_weight": 0.6
    },
    "adx_x_volume_price_trend": {
      "linear_component": 0,
      "ml_component": 0.6915769630750725,
      "final_score": 0.4149461778450435,
      "linear_weight": 0.4,
      "ml_weight": 0.6
    },
    "volatility_20_x_momentum_kurt_20": {
      "linear_component": 0,
      "ml_component": 0.6862037915897873,
      "final_score": 0.41172227495387237,
      "linear_weight": 0.4,
      "ml_weight": 0.6
    },
    "volatility_20_x_volume_price_corr_20": {
      "linear_component": 0,
      "ml_component": 0.6860626358605153,
      "final_score": 0.4116375815163092,
      "linear_weight": 0.4,
      "ml_weight": 0.6
    },
    "volume_price_corr_20_x_momentum_kurt_20": {
      "linear_component": 0,
      "ml_component": 0.6854036355678028,
      "final_score": 0.4112421813406817,
      "linear_weight": 0.4,
      "ml_weight": 0.6
    }
  }
}